Dimension,Densit√©,Energy_total,energy_per_site,Temperature,U,Iteration,criter_up,criter_d,criter_p,criter_m4,1,-28.6982,-1.79364,1e-06,3,134,6.84173e-07,6.88553e-07,9.82168e-07,9.82168e-07
4,1,-28.6982,-1.79364,1e-06,3,134,6.86543e-07,6.82929e-07,9.87908e-07,9.87908e-07
4,1,-28.6982,-1.79364,1e-06,3,134,6.84385e-07,6.86903e-07,9.86771e-07,9.86771e-07
4,1,-28.6982,-1.79364,1e-06,3,139,4.65021e-07,4.22453e-07,9.02386e-07,9.02386e-07
4,1,-28.6982,-1.79364,1e-06,3,139,4.18288e-07,4.58114e-07,9.32084e-07,9.32084e-07
4,1,-28.6982,-1.79364,1e-06,3,139,4.23911e-07,4.25022e-07,9.17904e-07,9.17904e-07
4,1,-28.6982,-1.79364,1e-06,3,135,2.37337e-07,2.15077e-07,9.34328e-07,9.34328e-07
4,0.9375,-31.3398,-1.95874,1e-06,3,146,3.11278e-07,4.70419e-07,9.56854e-07,9.56854e-07
4,0.9375,-31.3398,-1.95874,1e-06,3,146,3.01652e-07,4.71085e-07,9.56601e-07,9.56601e-07
4,0.9375,-31.3398,-1.95874,1e-06,3,148,4.83521e-07,3.18681e-07,9.2475e-07,9.2475e-07
4,0.9375,-31.3398,-1.95874,1e-06,3,148,4.82946e-07,3.08952e-07,9.18337e-07,9.18337e-07
4,0.9375,-31.3398,-1.95874,1e-06,3,160,7.24008e-07,7.07478e-07,9.64589e-07,9.64589e-07
4,0.9375,-31.3398,-1.95874,1e-06,3,185,1.465e-07,1.98609e-07,9.47588e-07,9.47588e-07
4,0.875,-34.2278,-2.13924,1e-06,3,185,6.6162e-07,6.58363e-07,9.69184e-07,9.69184e-07
4,0.875,-34.2278,-2.13924,1e-06,3,173,7.16605e-07,7.28766e-07,9.46053e-07,9.46053e-07
4,0.875,-34.2278,-2.13924,1e-06,3,173,7.23832e-07,7.21014e-07,9.45795e-07,9.45795e-07
4,0.875,-34.0444,-2.12777,1e-06,3,167,6.53597e-07,6.53598e-07,9.76896e-07,9.76896e-07
4,0.875,-34.0444,-2.12777,1e-06,3,167,6.53629e-07,6.53629e-07,9.7717e-07,9.7717e-07
4,0.875,-34.0444,-2.12777,1e-06,3,167,6.48806e-07,6.49803e-07,9.81918e-07,9.81918e-07
4,0.8125,-37.2011,-2.32507,1e-06,3,217,4.39186e-07,4.39182e-07,9.56595e-07,9.56595e-07
4,0.8125,-37.2011,-2.32507,1e-06,3,217,4.39195e-07,4.39192e-07,9.56634e-07,9.56634e-07
4,0.8125,-37.2011,-2.32507,1e-06,3,219,3.22716e-07,3.22716e-07,9.65631e-07,9.65631e-07
4,0.812487,-37.2012,-2.32507,1e-06,3,1000,9.30626e-06,7.96906e-05,4.86099e-05,4.86099e-05
4,0.8125,-37.2011,-2.32507,1e-06,3,192,1.36569e-06,1.36614e-06,9.84454e-07,9.84454e-07
4,0.8125,-37.2011,-2.32507,1e-06,3,192,1.33916e-06,1.37556e-06,9.96563e-07,9.96563e-07
4,0.75,-40.4625,-2.52891,1e-06,3,272,3.53457e-07,3.53477e-07,9.83275e-07,9.83275e-07
4,0.75,-40.4625,-2.52891,1e-06,3,273,3.46484e-07,3.46507e-07,9.61466e-07,9.61466e-07
4,0.75,-40.4625,-2.52891,1e-06,3,284,1.02278e-07,1.02208e-07,9.69287e-07,9.69287e-07
4,0.75,-40.4625,-2.52891,1e-06,3,287,1.03228e-07,1.03222e-07,9.79872e-07,9.79872e-07
4,0.75,-40.4054,-2.52534,1e-06,3,218,2.81146e-06,2.79302e-06,9.69007e-07,9.69007e-07
4,0.75,-40.4625,-2.52891,1e-06,3,281,3.74571e-07,3.74608e-07,9.73933e-07,9.73933e-07
4,0.747631,-40.5016,-2.53135,1e-06,3,1000,0.00375054,0.0129193,0.00813468,0.00813468
4,0.6875,-43.9752,-2.74845,1e-06,3,135,4.20432e-07,4.5912e-07,9.1872e-07,9.1872e-07
4,0.6875,-43.9752,-2.74845,1e-06,3,135,4.20504e-07,4.58819e-07,9.26818e-07,9.26818e-07
4,0.6875,-43.9752,-2.74845,1e-06,3,135,4.21632e-07,4.60005e-07,9.29753e-07,9.29753e-07
4,0.6875,-43.9752,-2.74845,1e-06,3,132,3.17448e-07,3.22642e-07,9.85538e-07,9.85538e-07
4,0.6875,-43.9752,-2.74845,1e-06,3,132,3.16514e-07,3.21606e-07,9.84271e-07,9.84271e-07
4,0.6875,-43.9752,-2.74845,1e-06,3,132,3.16766e-07,3.22373e-07,9.84054e-07,9.84054e-07
4,0.625,-47.8125,-2.98828,1e-06,3,120,2.30026e-07,2.20875e-07,9.41858e-07,9.41858e-07
4,0.625,-47.8125,-2.98828,1e-06,3,118,1.80504e-07,1.77933e-07,9.27601e-07,9.27601e-07
4,0.625,-47.8125,-2.98828,1e-06,3,118,1.84838e-07,2.08441e-07,9.27089e-07,9.27089e-07
4,0.625,-47.8125,-2.98828,1e-06,3,118,1.78818e-07,1.87675e-07,9.18117e-07,9.18117e-07
4,0.625,-47.8125,-2.98828,1e-06,3,118,1.8068e-07,1.80826e-07,9.22116e-07,9.22116e-07
4,0.625,-47.8125,-2.98828,1e-06,3,117,1.97231e-07,1.86883e-07,9.95089e-07,9.95089e-07
4,0.5625,-46.8083,-2.92552,1e-06,3,182,1.19012e-06,1.20342e-06,9.80895e-07,9.80895e-07
4,0.5625,-46.8083,-2.92552,1e-06,3,151,2.83033e-06,2.9537e-06,9.81416e-07,9.81416e-07
4,0.5625,-46.8083,-2.92552,1e-06,3,151,2.83014e-06,2.95365e-06,9.81205e-07,9.81205e-07
4,0.5625,-46.8083,-2.92552,1e-06,3,151,2.84675e-06,2.97191e-06,9.85351e-07,9.85351e-07
4,0.5625,-46.8083,-2.92552,1e-06,3,151,2.83019e-06,2.95362e-06,9.8117e-07,9.8117e-07
4,0.5625,-46.8083,-2.92552,1e-06,3,153,2.52323e-06,2.75169e-06,9.84518e-07,9.84518e-07
5,1,-32.5084,-1.30034,1e-06,3,1000,3.62086e-05,3.92563e-05,3.07669e-05,3.07669e-05
5,1,-32.5082,-1.30033,1e-06,3,1000,2.55438e-05,1.95988e-05,1.49442e-05,1.49442e-05
5,0.999998,-32.5441,-1.30176,1e-06,3,1000,0.000227608,0.00022619,0.000213648,0.000213648
5,1,-32.5081,-1.30033,1e-06,3,1000,2.43887e-05,1.95472e-05,1.53005e-05,1.53005e-05
5,0.96,-38.5156,-1.54063,1e-06,3,240,2.31446e-06,2.29326e-06,9.98191e-07,9.98191e-07
5,0.959994,-38.5163,-1.54065,1e-06,3,1000,2.78155e-05,3.26149e-05,2.82066e-05,2.82066e-05
5,0.96,-38.5156,-1.54063,1e-06,3,718,9.49912e-07,9.61081e-07,9.88069e-07,9.88069e-07
5,0.96,-38.5156,-1.54063,1e-06,3,1000,1.48384e-05,1.48744e-05,1.73591e-05,1.73591e-05
5,0.92,-45.0701,-1.80281,1e-06,3,1000,1.78687e-06,1.6459e-06,1.36273e-06,1.36273e-06
5,0.92,-45.0707,-1.80283,1e-06,3,1000,9.01093e-06,1.069e-05,8.86502e-06,8.86502e-06
5,0.92,-45.0701,-1.80281,1e-06,3,1000,5.55358e-06,5.76179e-06,4.69927e-06,4.69927e-06
5,0.919939,-45.111,-1.80444,1e-06,3,1000,0.000398386,0.000479611,0.000427469,0.000427469
5,0.88,-52.5712,-2.10285,1e-06,3,185,1.78445e-06,1.74112e-06,9.75443e-07,9.75443e-07
5,0.88,-52.571,-2.10284,1e-06,3,1000,1.17605e-05,1.06015e-05,1.38499e-05,1.38499e-05
5,0.88,-52.5712,-2.10285,1e-06,3,192,1.74929e-06,1.79464e-06,9.91538e-07,9.91538e-07
5,0.88,-52.5712,-2.10285,1e-06,3,191,9.74664e-07,1.10186e-06,9.76575e-07,9.76575e-07
5,0.84,-56.1217,-2.24487,1e-06,3,1000,1.65347e-05,1.55469e-05,1.39564e-05,1.39564e-05
5,0.84,-56.121,-2.24484,1e-06,3,1000,6.41298e-05,6.1093e-05,7.96301e-05,7.96301e-05
5,0.84,-56.1216,-2.24486,1e-06,3,1000,2.26437e-05,1.83201e-05,3.03169e-05,3.03169e-05
5,0.84,-56.1214,-2.24486,1e-06,3,1000,3.34098e-05,3.25469e-05,3.73808e-05,3.73808e-05
5,0.8,-59.1951,-2.3678,1e-06,3,1000,2.3998e-05,1.44522e-05,9.7191e-06,9.7191e-06
5,0.8,-59.1317,-2.36527,1e-06,3,624,2.44285e-07,2.17696e-07,9.98516e-07,9.98516e-07
5,0.8,-59.1317,-2.36527,1e-06,3,626,6.78172e-07,6.84297e-07,9.88025e-07,9.88025e-07
5,0.8,-59.1951,-2.3678,1e-06,3,1000,2.19085e-05,1.25019e-05,1.25288e-05,1.25288e-05
5,0.76,-62.3322,-2.49329,1e-06,3,645,1.88247e-06,1.87913e-06,9.99648e-07,9.99648e-07
5,0.76,-62.3322,-2.49329,1e-06,3,800,7.36825e-07,7.3568e-07,9.96576e-07,9.96576e-07
5,0.76,-62.3322,-2.49329,1e-06,3,746,1.12678e-06,1.12376e-06,9.90631e-07,9.90631e-07
5,0.76,-62.3322,-2.49329,1e-06,3,648,1.21387e-06,1.21276e-06,9.96365e-07,9.96365e-07
5,0.72,-65.4332,-2.61733,1e-06,3,421,1.72546e-07,7.66736e-07,9.98243e-07,9.98243e-07
5,0.72,-65.3971,-2.61588,1e-06,3,540,2.34177e-07,3.68241e-07,9.81406e-07,9.81406e-07
5,0.72,-65.5114,-2.62046,1e-06,3,375,3.32752e-07,1.41654e-07,9.8893e-07,9.8893e-07
5,0.719995,-65.509,-2.62036,1e-06,3,1000,8.07838e-05,2.44446e-05,0.000208918,0.000208918
5,0.68,-68.8168,-2.75267,1e-06,3,205,5.72447e-07,6.38086e-07,9.83564e-07,9.83564e-07
5,0.68,-68.8168,-2.75267,1e-06,3,192,1.21963e-06,9.02676e-07,9.66509e-07,9.66509e-07
5,0.68,-68.8168,-2.75267,1e-06,3,208,5.28539e-07,4.6635e-07,9.48251e-07,9.48251e-07
5,0.68,-68.8168,-2.75267,1e-06,3,191,3.85533e-07,3.64712e-07,9.97887e-07,9.97887e-07
5,0.64,-72.1156,-2.88463,1e-06,3,121,1.1023e-06,1.11214e-06,9.77741e-07,9.77741e-07
5,0.64,-72.1156,-2.88463,1e-06,3,127,6.98169e-07,7.16098e-07,9.64803e-07,9.64803e-07
5,0.64,-72.1156,-2.88463,1e-06,3,124,8.45948e-07,7.87517e-07,9.32646e-07,9.32646e-07
5,0.64,-72.1156,-2.88463,1e-06,3,126,7.58455e-07,8.5201e-07,9.88844e-07,9.88844e-07
5,0.6,-71.8819,-2.87527,1e-06,3,391,4.45552e-07,4.73369e-07,9.85953e-07,9.85953e-07
5,0.6,-71.8819,-2.87527,1e-06,3,747,3.98528e-07,5.2909e-07,9.93277e-07,9.93277e-07
5,0.6,-71.8819,-2.87527,1e-06,3,667,4.45955e-07,4.8391e-07,9.97651e-07,9.97651e-07
5,0.6,-71.8819,-2.87527,1e-06,3,485,4.79628e-07,4.38082e-07,9.84527e-07,9.84527e-07
5,0.56,-71.6123,-2.86449,1e-06,3,365,4.11172e-07,4.22021e-07,9.8732e-07,9.8732e-07
5,0.56,-71.6123,-2.86449,1e-06,3,342,4.09755e-07,4.1566e-07,9.76792e-07,9.76792e-07
5,0.56,-71.6123,-2.86449,1e-06,3,361,4.64704e-07,3.63975e-07,9.83618e-07,9.83618e-07
5,0.56,-71.6123,-2.86449,1e-06,3,336,5.33309e-07,3.0755e-07,9.91138e-07,9.91138e-07
5,0.52,-71.1068,-2.84427,1e-06,3,425,5.68881e-07,3.59452e-07,9.92707e-07,9.92707e-07
5,0.52,-71.1068,-2.84427,1e-06,3,850,6.11365e-07,3.1553e-07,9.97396e-07,9.97396e-07
6,1,-65.5725,-1.82146,1e-06,3,154,6.89909e-07,7.16221e-07,9.58402e-07,9.58402e-07
6,1,-65.5719,-1.82144,1e-06,3,1000,6.48889e-06,6.27687e-06,5.80732e-06,5.80732e-06
6,1,-65.5725,-1.82146,1e-06,3,153,6.78166e-07,6.82409e-07,9.47308e-07,9.47308e-07
6,0.972222,-67.9315,-1.88699,1e-06,3,271,2.61475e-07,4.87239e-07,9.83839e-07,9.83839e-07
6,0.972222,-67.9315,-1.88699,1e-06,3,281,3.12928e-07,4.33193e-07,9.85013e-07,9.85013e-07
6,0.97221,-67.9274,-1.88687,1e-06,3,1000,0.000110758,4.70977e-05,6.3097e-05,6.3097e-05
6,0.944444,-70.3389,-1.95386,1e-06,3,296,8.99161e-07,9.80544e-08,1.17935e-06,1.17935e-06
6,0.944444,-70.3389,-1.95386,1e-06,3,324,1.51161e-06,1.94322e-07,9.82149e-07,9.82149e-07
6,0.944444,-70.3389,-1.95386,1e-06,3,330,8.3915e-07,2.42822e-07,9.89049e-07,9.89049e-07
6,0.916653,-73.0427,-2.02896,1e-06,3,1000,9.76403e-05,0.000201734,0.000145861,0.000145861
6,0.916667,-72.9339,-2.02594,1e-06,3,325,7.50104e-07,7.51784e-07,9.69216e-07,9.69216e-07
6,0.916667,-72.9101,-2.02528,1e-06,3,624,6.24534e-07,1.39065e-07,9.98989e-07,9.98989e-07
6,0.888889,-75.4957,-2.0971,1e-06,3,632,2.42006e-07,4.55748e-07,9.94096e-07,9.94096e-07
6,0.888714,-75.5083,-2.09745,1e-06,3,1000,0.000838017,0.000815344,0.000607977,0.000607977
6,0.861111,-78.5174,-2.18104,1e-06,3,1000,5.80724e-06,8.58766e-06,1.07793e-05,1.07793e-05
6,0.861111,-78.2594,-2.17387,1e-06,3,579,1.54227e-07,5.0353e-07,9.98929e-07,9.98929e-07
6,0.861111,-78.519,-2.18108,1e-06,3,1000,4.02624e-05,4.00547e-05,1.57847e-05,1.57847e-05
6,0.833333,-81.3876,-2.26077,1e-06,3,1000,4.01911e-06,2.9213e-06,5.27599e-06,5.27599e-06
6,0.833333,-81.3878,-2.26077,1e-06,3,1000,2.10036e-06,1.73347e-06,6.5646e-06,6.5646e-06
6,0.833333,-81.3878,-2.26077,1e-06,3,926,2.53813e-07,4.81976e-07,9.98145e-07,9.98145e-07
6,0.805556,-84.7209,-2.35336,1e-06,3,1000,5.99924e-07,3.27421e-07,2.0603e-06,2.0603e-06
6,0.805556,-84.7209,-2.35336,1e-06,3,1000,8.3326e-07,1.08489e-06,4.26596e-06,4.26596e-06
6,0.805556,-84.9574,-2.35993,1e-06,3,1000,1.16097e-05,1.69269e-05,2.76459e-05,2.76459e-05
6,0.777778,-88.4321,-2.45645,1e-06,3,1000,6.5571e-07,3.06085e-07,3.20763e-06,3.20763e-06
6,0.777778,-88.4321,-2.45645,1e-06,3,1000,4.66791e-07,9.38029e-07,1.58877e-06,1.58877e-06
6,0.75,-92.3695,-2.56582,1e-06,3,612,6.60363e-07,2.97337e-07,9.90736e-07,9.90736e-07
6,0.75,-92.3695,-2.56582,1e-06,3,643,4.05303e-07,4.0731e-07,9.99389e-07,9.99389e-07
6,0.75,-92.3522,-2.56534,1e-06,3,766,3.95759e-07,1.8993e-07,9.78093e-07,9.78093e-07
6,0.722222,-96.8333,-2.68981,1e-06,3,418,3.13656e-07,3.11594e-07,9.99706e-07,9.99706e-07
6,0.722222,-96.8333,-2.68981,1e-06,3,414,5.80142e-07,5.6499e-07,9.78238e-07,9.78238e-07
6,0.722222,-96.8333,-2.68981,1e-06,3,437,3.18764e-07,3.07982e-07,9.88905e-07,9.88905e-07
6,0.694444,-99.4726,-2.76313,1e-06,3,899,3.22617e-07,4.24147e-07,9.95781e-07,9.95781e-07
6,0.694444,-99.4726,-2.76313,1e-06,3,1000,1.17081e-06,4.52465e-07,2.10911e-06,2.10911e-06
6,0.694444,-99.4727,-2.76313,1e-06,3,1000,2.39265e-06,2.47798e-06,1.87328e-05,1.87328e-05
6,0.666667,-102.236,-2.83988,1e-06,3,226,3.15421e-07,3.73084e-07,9.77673e-07,9.77673e-07
6,0.666667,-102.236,-2.83988,1e-06,3,952,2.86076e-06,2.90628e-06,9.88378e-07,9.88378e-07
6,0.666589,-102.241,-2.84002,1e-06,3,1000,0.000564828,0.000534724,0.000139416,0.000139416
6,0.638889,-104.294,-2.89706,1e-06,3,1000,6.59537e-06,6.44072e-06,7.76041e-06,7.76041e-06
6,0.638889,-104.294,-2.89706,1e-06,3,1000,1.02007e-05,1.04975e-05,2.09072e-06,2.09072e-06
6,0.611111,-106.5,-2.95833,1e-06,3,233,6.40108e-07,6.44858e-07,9.77948e-07,9.77948e-07
6,0.611111,-106.5,-2.95833,1e-06,3,232,8.90706e-07,8.72681e-07,9.85954e-07,9.85954e-07
6,0.611111,-106.5,-2.95833,1e-06,3,239,4.48474e-07,4.35378e-07,9.78789e-07,9.78789e-07
6,0.583333,-107.405,-2.98347,1e-06,3,1000,1.59165e-05,1.61701e-05,3.13007e-05,3.13007e-05
6,0.583333,-107.405,-2.98347,1e-06,3,1000,8.15648e-06,8.46821e-06,1.75353e-05,1.75353e-05
6,0.583324,-107.406,-2.98349,1e-06,3,1000,4.40267e-05,3.26519e-05,9.42058e-05,9.42058e-05
6,0.555556,-108.332,-3.00923,1e-06,3,267,7.78666e-07,6.68015e-07,9.83287e-07,9.83287e-07
6,0.555556,-108.332,-3.00923,1e-06,3,271,5.76615e-07,5.64926e-07,9.7875e-07,9.7875e-07
6,0.555556,-108.332,-3.00923,1e-06,3,319,6.65851e-07,6.54102e-07,9.82346e-07,9.82346e-07
6,0.527778,-108.897,-3.02491,1e-06,3,1000,1.10843e-06,7.14133e-07,1.71062e-06,1.71062e-06
6,0.527778,-108.897,-3.02491,1e-06,3,1000,3.8571e-06,3.99821e-06,7.44645e-06,7.44645e-06
7,1,-80.6903,-1.64674,1e-06,3,1000,2.86968e-06,2.84625e-06,2.96921e-06,2.96921e-06
7,1,-80.6905,-1.64674,1e-06,3,1000,1.45126e-06,1.455e-06,1.39858e-06,1.39858e-06
7,1,-80.6905,-1.64674,1e-06,3,397,4.58904e-07,4.51184e-07,9.95415e-07,9.95415e-07
7,0.979356,-85.696,-1.7489,1e-06,3,1000,0.000306776,0.000333895,0.000145984,0.000145984
7,0.979274,-85.7181,-1.74935,1e-06,3,1000,0.000381206,0.000329264,0.000132459,0.000132459
7,0.959184,-92.6749,-1.89132,1e-06,3,400,2.02449e-07,2.12513e-07,9.7469e-07,9.7469e-07
7,0.959184,-92.6749,-1.89132,1e-06,3,430,3.99643e-07,4.15148e-07,9.81317e-07,9.81317e-07
7,0.938776,-95.277,-1.94443,1e-06,3,374,1.62215e-06,1.64309e-06,9.80058e-07,9.80058e-07
7,0.93821,-95.1836,-1.94252,1e-06,3,1000,0.00175596,0.00184139,0.00113934,0.00113934
7,0.918356,-97.9224,-1.99842,1e-06,3,1000,0.000159485,0.000159781,0.000221594,0.000221594
7,0.918364,-97.9324,-1.99862,1e-06,3,1000,3.06186e-05,3.06815e-05,2.77651e-05,2.77651e-05
7,0.897958,-100.527,-2.05158,1e-06,3,1000,1.41191e-05,1.62828e-05,2.84543e-05,2.84543e-05
7,0.897949,-100.529,-2.05162,1e-06,3,1000,2.50718e-05,2.79443e-05,4.91749e-05,4.91749e-05
7,0.877511,-106.589,-2.17529,1e-06,3,1000,5.49981e-05,5.27398e-05,5.38614e-05,5.38614e-05
7,0.877017,-106.717,-2.17791,1e-06,3,1000,0.000584271,0.000589486,0.000506399,0.000506399
7,0.857143,-112.023,-2.28618,1e-06,3,515,7.74458e-06,1.03053e-05,9.90743e-07,9.90743e-07
7,0.857143,-112.022,-2.28617,1e-06,3,364,2.96274e-06,4.29602e-06,9.74124e-07,9.74124e-07
7,0.836735,-114.599,-2.33876,1e-06,3,1000,6.03906e-05,6.93409e-05,5.99531e-05,5.99531e-05
7,0.836735,-114.643,-2.33966,1e-06,3,1000,0.000170735,0.000125163,6.29682e-05,6.29682e-05
7,0.816327,-110.728,-2.25976,1e-06,3,868,5.04023e-06,5.29688e-06,9.67268e-07,9.67268e-07
7,0.816327,-110.728,-2.25976,1e-06,3,864,4.82502e-06,4.82082e-06,9.93209e-07,9.93209e-07
7,0.795918,-115.745,-2.36215,1e-06,3,1000,7.3057e-07,1.48157e-06,6.86175e-06,6.86175e-06
7,0.794273,-116.159,-2.37058,1e-06,3,1000,0.00564205,0.00739592,0.00642814,0.00642814
7,0.77551,-120.714,-2.46354,1e-06,3,292,2.12202e-06,2.19666e-06,9.98689e-07,9.98689e-07
7,0.77542,-120.725,-2.46377,1e-06,3,1000,0.000146243,0.000157231,0.000717952,0.000717952
7,0.755102,-125.084,-2.55273,1e-06,3,280,3.49513e-07,3.79881e-07,9.78488e-07,9.78488e-07
7,0.754923,-125.122,-2.55351,1e-06,3,1000,0.000542161,0.000505276,0.000403959,0.000403959
7,0.734646,-129.44,-2.64164,1e-06,3,1000,0.000132964,9.40824e-05,0.000271101,0.000271101
7,0.734694,-129.435,-2.64153,1e-06,3,239,1.03935e-06,1.01127e-06,9.62874e-07,9.62874e-07
7,0.714286,-131.696,-2.68766,1e-06,3,1000,4.69914e-06,4.35499e-06,1.11085e-05,1.11085e-05
7,0.713815,-131.751,-2.68879,1e-06,3,1000,0.000974974,0.000755527,0.00153758,0.00153758
7,0.693628,-133.956,-2.73379,1e-06,3,1000,0.000956445,0.000984866,0.000790321,0.000790321
7,0.693864,-133.928,-2.73322,1e-06,3,1000,6.14026e-05,6.30785e-05,0.000127811,0.000127811
7,0.673469,-136.107,-2.7777,1e-06,3,1000,2.61652e-05,2.17391e-05,6.02042e-05,6.02042e-05
7,0.673469,-136.107,-2.7777,1e-06,3,1000,1.44799e-05,1.44592e-05,3.88747e-05,3.88747e-05
7,0.653061,-136.593,-2.78761,1e-06,3,1000,1.39055e-05,1.3932e-05,1.65997e-05,1.65997e-05
7,0.652806,-136.633,-2.78843,1e-06,3,1000,0.000371286,0.000357249,0.000120238,0.000120238
7,0.632647,-139.11,-2.83899,1e-06,3,1000,2.84593e-05,3.31505e-05,6.60568e-05,6.60568e-05
7,0.629168,-139.12,-2.83917,1e-06,3,1000,0.0178525,0.0199782,0.0135199,0.0135199
7,0.612245,-141.85,-2.89489,1e-06,3,357,8.51703e-07,8.30857e-07,9.96176e-07,9.96176e-07
7,0.612245,-141.85,-2.89489,1e-06,3,344,1.10347e-07,1.21686e-07,9.69534e-07,9.69534e-07
7,0.591837,-143.848,-2.93567,1e-06,3,396,1.50163e-06,1.57346e-06,9.88253e-07,9.88253e-07
7,0.591837,-143.848,-2.93567,1e-06,3,454,1.23651e-06,1.21162e-06,9.51881e-07,9.51881e-07
7,0.571429,-145.535,-2.97009,1e-06,3,1000,3.27068e-05,3.15975e-05,2.40985e-05,2.40985e-05
7,0.571429,-145.559,-2.97059,1e-06,3,1000,1.82504e-05,1.8657e-05,2.5857e-05,2.5857e-05
7,0.55102,-146.861,-2.99715,1e-06,3,1000,3.39912e-06,4.00371e-06,5.20047e-06,5.20047e-06
7,0.551014,-146.861,-2.99716,1e-06,3,1000,7.33992e-05,5.8576e-05,8.74999e-05,8.74999e-05
7,0.530612,-147.908,-3.01853,1e-06,3,226,4.69913e-06,4.66003e-06,9.77407e-07,9.77407e-07
7,0.530612,-147.908,-3.01853,1e-06,3,281,4.61417e-07,4.54519e-07,9.86895e-07,9.86895e-07
7,0.510203,-148.665,-3.03399,1e-06,3,1000,8.49671e-07,2.58264e-06,7.84589e-06,7.84589e-06
8,1,-116.539,-1.82092,1e-06,3,225,3.35977e-07,2.95346e-07,9.66594e-07,9.66594e-07
8,1,-116.539,-1.82092,1e-06,3,319,3.46215e-07,2.11759e-07,8.28945e-07,8.28945e-07
8,0.984375,-118.8,-1.85626,1e-06,3,797,9.79777e-08,1.14077e-06,1.2222e-06,1.2222e-06
8,0.984375,-118.8,-1.85626,1e-06,3,636,5.51768e-07,3.23671e-07,9.96846e-07,9.96846e-07
8,0.96875,-121.415,-1.8971,1e-06,3,328,1.19238e-06,1.22604e-06,9.90411e-07,9.90411e-07
8,0.953125,-124.111,-1.93923,1e-06,3,366,5.10856e-07,1.05073e-06,9.70015e-07,9.70015e-07
8,0.952508,-124.144,-1.93975,1e-06,3,1000,0.000290065,0.00549561,0.000632458,0.000632458
8,0.9375,-127.114,-1.98616,1e-06,3,299,1.56174e-06,1.56786e-06,9.84422e-07,9.84422e-07
8,0.921874,-129.708,-2.02669,1e-06,3,1000,8.82883e-06,1.34214e-05,5.66284e-05,5.66284e-05
8,0.921872,-129.701,-2.02658,1e-06,3,1000,0.000317257,0.000500001,0.000141104,0.000141104
8,0.906248,-133.076,-2.07932,1e-06,3,1000,1.11281e-05,2.05032e-05,6.68617e-05,6.68617e-05
8,0.890625,-136.212,-2.12831,1e-06,3,473,1.4613e-07,1.52903e-07,9.91082e-07,9.91082e-07
8,0.890362,-135.868,-2.12294,1e-06,3,1000,0.00330095,0.00149442,0.00328123,0.00328123
8,0.874949,-137.467,-2.14792,1e-06,3,1000,0.000328378,0.000332565,0.000194573,0.000194573
8,0.873548,-137.637,-2.15059,1e-06,3,1000,0.00815911,0.00907901,0.005246,0.005246
8,0.859374,-140.869,-2.20108,1e-06,3,1000,2.25499e-05,2.56753e-05,0.000146912,0.000146912
8,0.84375,-145.949,-2.28045,1e-06,3,583,8.96204e-07,8.95994e-07,9.94811e-07,9.94811e-07
8,0.842852,-144.726,-2.26135,1e-06,3,1000,0.00198447,0.00102897,0.00358343,0.00358343
8,0.828125,-148.543,-2.32098,1e-06,3,1000,2.34746e-06,2.0066e-06,7.96603e-06,7.96603e-06
8,0.8125,-152.579,-2.38404,1e-06,3,1000,4.12944e-07,4.13288e-07,1.29926e-06,1.29926e-06
8,0.8125,-152.579,-2.38404,1e-06,3,970,1.93967e-07,1.93808e-07,9.96011e-07,9.96011e-07
8,0.795697,-156.731,-2.44892,1e-06,3,1000,0.0075724,0.0240865,0.0135033,0.0135033
8,0.78125,-160.122,-2.50191,1e-06,3,1000,1.73746e-05,1.61482e-05,1.67752e-05,1.67752e-05
8,0.781249,-160.112,-2.50175,1e-06,3,1000,4.53537e-05,5.50246e-05,6.39411e-05,6.39411e-05
8,0.765625,-163.286,-2.55135,1e-06,3,1000,2.69664e-05,3.45371e-05,4.64747e-05,4.64747e-05
8,0.75,-165.737,-2.58965,1e-06,3,1000,1.5622e-05,1.42469e-05,1.50591e-05,1.50591e-05
8,0.749921,-165.702,-2.5891,1e-06,3,1000,0.000295668,0.000146226,0.000175662,0.000175662
8,0.734375,-169.37,-2.6464,1e-06,3,664,1.35052e-06,1.40078e-06,9.92104e-07,9.92104e-07
8,0.734373,-169.372,-2.64644,1e-06,3,1000,6.76594e-05,6.67971e-05,0.000107406,0.000107406
8,0.717904,-173.648,-2.71325,1e-06,3,1000,0.000818256,0.00131198,0.000601636,0.000601636
8,0.703125,-176.501,-2.75782,1e-06,3,595,4.81573e-07,7.09806e-07,9.86422e-07,9.86422e-07
8,0.703117,-176.502,-2.75785,1e-06,3,1000,1.71905e-05,1.70194e-05,2.6554e-05,2.6554e-05
8,0.687496,-179.681,-2.80752,1e-06,3,1000,2.3837e-05,2.38358e-05,3.38973e-05,3.38973e-05
8,0.671875,-182.585,-2.85289,1e-06,3,616,3.12586e-07,3.02658e-07,9.91214e-07,9.91214e-07
8,0.671824,-182.592,-2.853,1e-06,3,1000,0.000128185,0.000137206,0.000346363,0.000346363
8,0.65625,-185.596,-2.89994,1e-06,3,152,8.58791e-07,8.62364e-07,8.9812e-07,8.9812e-07
8,0.640625,-186.639,-2.91624,1e-06,3,563,1.50807e-06,1.54954e-06,9.86714e-07,9.86714e-07
8,0.640171,-186.738,-2.91778,1e-06,3,1000,0.000965569,0.00096558,0.000339764,0.000339764
8,0.625,-187.982,-2.93721,1e-06,3,1000,7.99872e-06,8.00498e-06,2.35421e-06,2.35421e-06
8,0.619487,-187.64,-2.93187,1e-06,3,1000,0.0067141,0.00637663,0.00454611,0.00454611
8,0.609375,-188.575,-2.94649,1e-06,3,442,2.52287e-07,2.67659e-07,9.86664e-07,9.86664e-07
8,0.593747,-189.615,-2.96273,1e-06,3,1000,8.19062e-06,5.55134e-06,4.82237e-05,4.82237e-05
8,0.59375,-189.313,-2.95802,1e-06,3,266,5.66812e-07,5.63867e-07,9.74744e-07,9.74744e-07
8,0.578125,-189.942,-2.96785,1e-06,3,336,2.10175e-07,2.0355e-07,9.85823e-07,9.85823e-07
8,0.56248,-190.25,-2.97266,1e-06,3,1000,2.44913e-05,3.3313e-05,9.11858e-05,9.11858e-05
8,0.5625,-190.283,-2.97317,1e-06,3,424,2.06898e-06,2.00419e-06,9.90133e-07,9.90133e-07
8,0.546828,-190.604,-2.97819,1e-06,3,1000,0.000186791,0.000181917,0.000334041,0.000334041
8,0.53125,-191.03,-2.98485,1e-06,3,188,6.60829e-06,6.59312e-06,9.65341e-07,9.65341e-07
8,0.530888,-191.076,-2.98557,1e-06,3,1000,0.00083427,0.00090284,0.000974819,0.000974819
8,0.515625,-189.98,-2.96844,1e-06,3,1000,1.19625e-06,1.18814e-06,2.41796e-06,2.41796e-06
9,1,-140.476,-1.73428,1e-06,3,460,8.77698e-07,8.77598e-07,9.77594e-07,9.77594e-07
9,0.999983,-140.491,-1.73446,1e-06,3,1000,0.000102589,0.000105029,5.10866e-05,5.10866e-05
9,0.987654,-144.511,-1.78409,1e-06,3,427,5.50316e-07,5.05804e-07,9.8685e-07,9.8685e-07
9,0.975237,-149.18,-1.84173,1e-06,3,1000,0.000282668,0.00026048,0.000197615,0.000197615
9,0.962963,-153.275,-1.89229,1e-06,3,419,6.95144e-07,6.16057e-07,9.97673e-07,9.97673e-07
9,0.950611,-155.793,-1.92337,1e-06,3,1000,2.1148e-05,2.82249e-05,2.92158e-05,2.92158e-05
9,0.950549,-155.709,-1.92234,1e-06,3,1000,0.000482969,0.00035524,0.000572625,0.000572625
9,0.938262,-159.169,-1.96505,1e-06,3,1000,5.22602e-05,5.99342e-05,5.50481e-05,5.50481e-05
9,0.925736,-162.273,-2.00337,1e-06,3,1000,0.00136218,0.00130129,0.000817942,0.000817942
9,0.913578,-165.547,-2.04379,1e-06,3,1000,2.92856e-05,2.91589e-05,8.51824e-05,8.51824e-05
9,0.901231,-170.869,-2.1095,1e-06,3,1000,3.44612e-05,4.06009e-05,3.324e-05,3.324e-05
9,0.899196,-171.596,-2.11846,1e-06,3,1000,0.00805096,0.00715369,0.00327365,0.00327365
9,0.888856,-176.6,-2.18024,1e-06,3,1000,0.000672192,0.000564535,0.000184638,0.000184638
9,0.876543,-179.481,-2.21582,1e-06,3,1000,2.01839e-05,2.59926e-05,6.62712e-06,6.62712e-06
9,0.864193,-182.546,-2.25365,1e-06,3,1000,1.42517e-05,3.81467e-05,9.74168e-06,9.74168e-06
9,0.851852,-185.623,-2.29164,1e-06,3,768,1.34093e-06,1.47529e-06,9.9933e-07,9.9933e-07
9,0.851767,-185.657,-2.29207,1e-06,3,1000,0.00121553,3.67002e-05,6.71059e-05,6.71059e-05
9,0.839505,-188.481,-2.32693,1e-06,3,1000,2.65285e-05,4.22837e-05,4.63166e-06,4.63166e-06
9,0.82707,-190.314,-2.34956,1e-06,3,1000,0.000837626,0.000785466,0.00105537,0.00105537
9,0.81476,-193.049,-2.38332,1e-06,3,1000,8.58991e-05,0.000358429,0.000110513,0.000110513
9,0.802465,-195.686,-2.41587,1e-06,3,1000,6.63321e-05,8.43293e-05,0.000175808,0.000175808
9,0.790123,-195.433,-2.41276,1e-06,3,887,1.54925e-06,1.56729e-06,9.97369e-07,9.97369e-07
9,0.790123,-195.433,-2.41276,1e-06,3,937,1.02801e-06,1.02843e-06,9.93973e-07,9.93973e-07
9,0.776268,-199.827,-2.467,1e-06,3,1000,0.00654104,0.00677467,0.00651387,0.00651387
9,0.765432,-203.455,-2.51179,1e-06,3,1000,2.84117e-05,2.51044e-05,2.82859e-05,2.82859e-05
9,0.753086,-204.966,-2.53045,1e-06,3,1000,0.000980879,0.00113202,0.0020663,0.0020663
9,0.740741,-209.77,-2.58975,1e-06,3,1000,8.49102e-05,7.3267e-05,7.96216e-05,7.96216e-05
9,0.74074,-209.757,-2.5896,1e-06,3,1000,6.96339e-05,8.2888e-05,0.000201988,0.000201988
9,0.728395,-212.442,-2.62274,1e-06,3,1000,8.7673e-05,6.23177e-05,0.000111166,0.000111166
9,0.716048,-215.576,-2.66143,1e-06,3,1000,5.62733e-05,4.82341e-05,0.000173848,0.000173848
9,0.703701,-219.115,-2.70512,1e-06,3,1000,6.47727e-05,6.01318e-05,0.000137274,0.000137274
9,0.69133,-222.661,-2.7489,1e-06,3,1000,7.36338e-05,7.26583e-05,0.000132057,0.000132057
9,0.691354,-222.655,-2.74883,1e-06,3,1000,8.51496e-06,1.50918e-05,0.000189174,0.000189174
9,0.679012,-225.318,-2.7817,1e-06,3,1000,1.31207e-05,2.49423e-05,5.57485e-05,5.57485e-05
9,0.666667,-227.981,-2.81458,1e-06,3,1000,1.70202e-05,8.81068e-06,4.53501e-05,4.53501e-05
9,0.654321,-230.524,-2.84598,1e-06,3,1000,3.19376e-06,5.87347e-06,1.40588e-05,1.40588e-05
9,0.641975,-233.05,-2.87716,1e-06,3,1000,3.0657e-06,7.85091e-06,2.12097e-05,2.12097e-05
9,0.641856,-233.072,-2.87744,1e-06,3,1000,0.000182015,0.000306324,0.00102987,0.00102987
9,0.62947,-235.508,-2.9075,1e-06,3,1000,0.000701995,0.000717642,0.00059462,0.00059462
9,0.617284,-237.865,-2.93661,1e-06,3,1000,3.5306e-05,4.64175e-06,4.86493e-05,4.86493e-05
9,0.604938,-240.213,-2.96559,1e-06,3,1000,2.95788e-05,3.32415e-05,1.37132e-05,1.37132e-05
9,0.592593,-242.545,-2.99438,1e-06,3,102,5.34521e-07,5.2238e-07,9.35088e-07,9.35088e-07
9,0.580247,-242.523,-2.99411,1e-06,3,1000,1.16758e-05,6.49665e-06,2.64696e-05,2.64696e-05
9,0.580247,-242.523,-2.99411,1e-06,3,1000,8.18621e-06,1.60656e-05,3.31386e-05,3.31386e-05
9,0.567793,-242.515,-2.99401,1e-06,3,1000,0.000257493,0.000263967,0.000415196,0.000415196
9,0.555548,-242.41,-2.99272,1e-06,3,1000,1.65011e-05,1.51904e-05,9.10431e-05,9.10431e-05
9,0.54321,-242.278,-2.99109,1e-06,3,1000,9.13056e-06,1.18583e-05,3.71328e-05,3.71328e-05
9,0.530857,-242.107,-2.98898,1e-06,3,1000,1.28405e-05,2.51194e-05,6.46668e-05,6.46668e-05
9,0.530856,-242.107,-2.98898,1e-06,3,1000,3.51984e-05,3.79371e-05,8.02179e-05,8.02179e-05
9,0.518461,-241.881,-2.98619,1e-06,3,1000,0.000387768,0.000362744,0.000180304,0.000180304
10,1,-181.742,-1.81742,1e-06,3,302,3.99616e-07,4.60553e-07,9.88661e-07,9.88661e-07
10,0.99,-184,-1.84,1e-06,3,324,1.17498e-07,1.19841e-07,9.80016e-07,9.80016e-07
10,0.98,-186.57,-1.8657,1e-06,3,369,7.25285e-07,6.98586e-07,9.94191e-07,9.94191e-07
10,0.97,-189.168,-1.89168,1e-06,3,560,1.86646e-07,9.48292e-07,9.91628e-07,9.91628e-07
10,0.96,-191.793,-1.91793,1e-06,3,605,3.36095e-07,3.34666e-07,9.8608e-07,9.8608e-07
10,0.95,-194.692,-1.94692,1e-06,3,1000,3.51834e-06,5.79247e-07,4.18633e-06,4.18633e-06
10,0.94,-197.822,-1.97822,1e-06,3,553,3.12694e-07,3.12327e-07,9.95313e-07,9.95313e-07
10,0.93,-200.902,-2.00902,1e-06,3,589,1.14098e-06,1.14153e-06,9.91712e-07,9.91712e-07
10,0.92,-203.872,-2.03872,1e-06,3,558,9.73588e-07,9.30755e-07,9.94206e-07,9.94206e-07
10,0.91,-207.433,-2.07433,1e-06,3,550,1.60225e-06,1.60231e-06,9.97175e-07,9.97175e-07
10,0.9,-210.673,-2.10673,1e-06,3,698,8.55767e-06,8.55382e-06,9.92464e-07,9.92464e-07
10,0.89,-214.095,-2.14095,1e-06,3,866,3.27848e-06,3.27807e-06,9.99791e-07,9.99791e-07
10,0.88,-217.382,-2.17382,1e-06,3,458,1.19923e-06,1.22691e-06,9.98018e-07,9.98018e-07
10,0.87,-220.705,-2.20705,1e-06,3,643,3.35004e-07,3.35037e-07,9.95168e-07,9.95168e-07
10,0.86,-223.426,-2.23426,1e-06,3,1000,1.7615e-06,1.62871e-06,2.96627e-06,2.96627e-06
10,0.85,-226.657,-2.26657,1e-06,3,1000,1.32742e-05,1.467e-05,1.15087e-05,1.15087e-05
10,0.84,-230.553,-2.30553,1e-06,3,1000,2.53825e-05,2.65455e-05,2.43602e-05,2.43602e-05
10,0.83,-233.61,-2.3361,1e-06,3,1000,6.97964e-05,5.9125e-05,0.000169282,0.000169282
10,0.82,-237.454,-2.37454,1e-06,3,1000,7.98508e-06,7.99001e-06,1.07033e-05,1.07033e-05
10,0.81,-240.393,-2.40393,1e-06,3,1000,1.90522e-05,1.91091e-05,5.79513e-05,5.79513e-05
10,0.8,-244.217,-2.44217,1e-06,3,1000,1.41625e-05,1.37593e-05,1.87372e-05,1.87372e-05
10,0.79,-245.934,-2.45934,1e-06,3,1000,3.04405e-06,2.09295e-06,5.35466e-06,5.35466e-06
10,0.78,-247.388,-2.47388,1e-06,3,1000,7.77774e-05,8.1219e-05,8.17508e-05,8.17508e-05
10,0.77,-250.844,-2.50844,1e-06,3,1000,2.7217e-05,1.78717e-05,3.36227e-05,3.36227e-05
10,0.76,-255.133,-2.55133,1e-06,3,1000,7.73461e-07,7.68366e-07,1.16811e-06,1.16811e-06
10,0.75,-259.17,-2.5917,1e-06,3,782,2.69476e-07,4.87606e-07,9.9886e-07,9.9886e-07
10,0.74,-263.395,-2.63395,1e-06,3,164,3.914e-07,3.88826e-07,9.78148e-07,9.78148e-07
10,0.73,-266.221,-2.66221,1e-06,3,334,3.46492e-07,1.38039e-07,9.85494e-07,9.85494e-07
10,0.72,-269.032,-2.69032,1e-06,3,369,2.06552e-07,2.00942e-07,9.9695e-07,9.9695e-07
10,0.71,-271.987,-2.71987,1e-06,3,1000,6.36822e-06,6.36797e-06,4.53626e-06,4.53626e-06
10,0.7,-274.515,-2.74515,1e-06,3,1000,2.24826e-05,2.24457e-05,1.9963e-05,1.9963e-05
10,0.69,-276.753,-2.76753,1e-06,3,1000,5.17929e-05,4.24774e-05,2.33436e-05,2.33436e-05
10,0.68,-279.196,-2.79196,1e-06,3,782,2.48877e-07,2.49912e-07,9.93643e-07,9.93643e-07
10,0.67,-281.492,-2.81492,1e-06,3,1000,3.71074e-06,3.72681e-06,4.34737e-06,4.34737e-06
10,0.66,-283.795,-2.83795,1e-06,3,367,6.56563e-07,6.71026e-07,9.87287e-07,9.87287e-07
10,0.65,-285.606,-2.85606,1e-06,3,908,5.25632e-07,5.27744e-07,9.95373e-07,9.95373e-07
10,0.64,-287.833,-2.87833,1e-06,3,569,1.00851e-06,1.00363e-06,9.95963e-07,9.95963e-07
10,0.63,-289.425,-2.89425,1e-06,3,1000,6.31828e-06,6.32377e-06,2.65244e-05,2.65244e-05
10,0.62,-291.201,-2.91201,1e-06,3,1000,4.26771e-07,4.43992e-07,1.08398e-06,1.08398e-06
10,0.61,-291.999,-2.91999,1e-06,3,1000,2.15925e-05,2.43794e-05,4.97738e-05,4.97738e-05
10,0.6,-292.577,-2.92577,1e-06,3,1000,1.06522e-06,1.08541e-06,3.72267e-06,3.72267e-06
10,0.59,-293.515,-2.93515,1e-06,3,1000,9.04221e-06,9.03894e-06,5.99039e-06,5.99039e-06
10,0.58,-296.779,-2.96779,1e-06,3,245,7.10121e-07,7.07975e-07,9.7978e-07,9.7978e-07
10,0.57,-295.321,-2.95321,1e-06,3,1000,2.36845e-06,2.366e-06,1.65051e-05,1.65051e-05
10,0.56,-296.081,-2.96081,1e-06,3,534,9.6587e-07,9.63391e-07,9.87632e-07,9.87632e-07
10,0.55,-296.603,-2.96603,1e-06,3,1000,3.22177e-06,3.15502e-06,1.8293e-06,1.8293e-06
10,0.54,-297.163,-2.97163,1e-06,3,258,6.71869e-07,6.69358e-07,9.84315e-07,9.84315e-07
10,0.53,-297.513,-2.97513,1e-06,3,1000,2.12837e-05,1.47284e-05,7.80805e-05,7.80805e-05
10,0.52,-298.073,-2.98073,1e-06,3,258,1.99385e-07,2.2172e-07,9.82475e-07,9.82475e-07
10,0.51,-298.283,-2.98283,1e-06,3,1000,1.08729e-05,1.08888e-05,4.86769e-06,4.86769e-06
